# ----------------------------------------						
# wiki.ubc.ca						
# Math Exam Resource Wiki						
# 20120101-20131127						
# ----------------------------------------						
						
Page	Pageviews	Unique Pageviews	Unique Visitors	Avg. Time on Page	Pages / Visit	Visit Duration
/Science:Math_Exam_Resources/Courses/MATH104/December_2011	9,968	5,362	2,628	00:00:43	10.53	328:12:07
/Science:Math_Exam_Resources/Courses/MATH105	8,188	5,940	3,054	00:00:24	4.89	452:25:10
/Science:Math_Exam_Resources/Courses/MATH101	7,987	5,826	2,841	00:00:38	4.18	533:17:23
/Science:Math_Exam_Resources/Courses/MATH105/April_2011	6,902	3,372	1,954	00:00:48	13.02	242:56:28
/Science:Math_Exam_Resources/Courses/MATH103	6,222	4,238	1,993	00:00:28	7.44	297:14:13
/Science:Math_Exam_Resources/Courses/MATH105/April_2010	5,925	2,961	1,678	00:00:52	15.67	126:19:59
/Science:Math_Exam_Resources/Courses/MATH104/December_2010	5,545	2,964	1,795	00:00:55	16.5	174:01:52
/Science:Math_Exam_Resources/Courses/MATH103/April_2011	4,538	2,422	1,211	00:01:20	9	161:42:52
/Science:Math_Exam_Resources/Courses/MATH152/April_2011	3,947	1,942	1,013	00:00:57	6.86	161:56:31
/Science:Math_Exam_Resources/Courses/MATH101/April_2011	3,626	2,104	1,274	00:00:42	10.99	107:00:51
/Science:Math_Exam_Resources/Courses/MATH104	3,453	2,640	1,699	00:00:26	3.87	218:47:01
/Science:Math_Exam_Resources/Courses/MATH103/April_2010	3,204	1,678	956	00:01:30	14.63	193:08:06
/Science:Math_Exam_Resources/Courses/MATH105/April_2012	3,165	1,855	1,049	00:00:57	10.14	180:57:49
/Science:Math_Exam_Resources/Courses/MATH152	3,135	2,227	1,109	00:00:38	4.17	312:08:30
/Science:Math_Exam_Resources/Courses/MATH103/April_2009	3,081	1,741	941	00:00:45	9.69	121:54:20
/Science:Math_Exam_Resources/Courses/MATH101/April_2010	2,667	1,523	950	00:00:59	10.58	113:10:35
/Science:Math_Exam_Resources/Courses/MATH101/April_2012	2,503	1,564	917	00:00:52	11.27	62:48:22
/Science:Math_Exam_Resources/Courses/MATH104/December_2011/Question_1_(a)	2,494	2,116	1,597	00:02:09	12.99	114:09:35
/Science:Math_Exam_Resources/Courses/MATH152/April_2010	2,437	1,451	749	00:01:29	8.83	97:27:48
/Science:Math_Exam_Resources/Courses/MATH103/April_2012	2,407	1,430	779	00:00:45	9.33	94:44:06
/Science:Math_Exam_Resources/Courses/MATH100	2,365	1,822	1,355	00:00:35	8.21	41:03:07
/Science:Math_Exam_Resources/Courses/MATH104/December_2011/Question_3	2,269	1,999	1,403	00:07:10	6.41	94:15:08
/Science:Math_Exam_Resources/Courses/MATH104/December_2011/Question_4	2,221	1,951	1,364	00:07:23	4.75	103:03:52
/Science:Math_Exam_Resources/Courses/MATH104/December_2011/Question_6_(b)	2,176	1,651	1,244	00:04:02	21.33	31:16:32
/Science:Math_Exam_Resources/Courses/MATH105/April_2011/Question_1_(a)	2,044	1,738	1,241	00:04:55	9.6	68:21:17
/Science:Math_Exam_Resources/Courses/MATH110	2,041	1,472	794	00:00:29	4.83	88:38:10
/Science:Math_Exam_Resources/Courses/MATH101/April_2009	1,996	1,100	743	00:00:56	10.24	125:06:48
/Science:Math_Exam_Resources/Courses/MATH104/December_2011/Question_1_(e)	1,984	1,732	1,313	00:05:56	17.87	48:23:27
/Science:Math_Exam_Resources/Courses/MATH104/December_2011/Question_1_(c)	1,945	1,729	1,343	00:04:36	22.36	55:35:38
/Science:Math_Exam_Resources/Courses/MATH104/December_2011/Question_6_(c)	1,924	1,475	1,145	00:02:48	14.25	55:34:53
/Science:Math_Exam_Resources/Courses/MATH104/December_2011/Question_1_(j)	1,909	1,657	1,250	00:03:43	16.75	42:33:14
/Science:Math_Exam_Resources/Courses/MATH104/December_2011/Question_2_(f)	1,855	1,472	1,145	00:05:00	15.85	55:59:06
/Science:Math_Exam_Resources/Courses/MATH104/December_2011/Question_5_(d)	1,846	1,576	1,205	00:04:37	12.82	28:00:32
/Science:Math_Exam_Resources/Courses/MATH104/December_2011/Question_5_(a)	1,828	1,573	1,244	00:02:28	9.23	108:39:00
/Science:Math_Exam_Resources/Courses/MATH104/December_2011/Question_2_(e)	1,804	1,445	1,157	00:03:42	28.63	36:56:25
/Science:Math_Exam_Resources/Courses/MATH101/April_2005	1,798	989	722	00:00:35	16.65	27:48:29
/Science:Math_Exam_Resources/Courses/MATH104/December_2011/Question_6_(e)	1,792	1,502	1,106	00:03:32	13.27	36:14:51
/Science:Math_Exam_Resources/Courses/MATH104/December_2011/Question_6_(d)	1,780	1,466	1,139	00:02:21	13.19	29:12:45
/Science:Math_Exam_Resources/Courses/MATH104/December_2011/Question_1_(b)	1,774	1,624	1,328	00:02:14	15.16	88:29:52
/Science:Math_Exam_Resources/Courses/MATH104/December_2011/Question_2_(a)	1,738	1,532	1,220	00:02:17	11.36	77:29:21
/Science:Math_Exam_Resources/Courses/MATH104/December_2011/Question_6_(a)	1,720	1,484	1,178	00:01:58	11.94	46:12:01
/Science:Math_Exam_Resources/Courses/MATH104/December_2011/Question_1_(f)	1,717	1,526	1,250	00:04:03	17.34	60:30:12
/Science:Math_Exam_Resources/Courses/MATH104/December_2011/Question_1_(g)	1,714	1,555	1,256	00:03:47	24.84	43:11:09
/Science:Math_Exam_Resources/Courses/MATH104/December_2011/Question_1_(m)	1,711	1,544	1,229	00:04:03	21.94	36:03:16
/Science:Math_Exam_Resources/Courses/MATH104/December_2011/Question_1_(d)	1,696	1,561	1,277	00:03:13	28.27	30:53:10
/Science:Math_Exam_Resources/Courses/MATH104/December_2011/Question_5_(c)	1,684	1,448	1,196	00:02:18	33.02	16:14:48
/Science:Math_Exam_Resources/Courses/MATH104/December_2011/Question_2_(c)	1,678	1,472	1,181	00:04:02	29.44	21:58:08
/Science:Math_Exam_Resources/Courses/MATH104/December_2011/Question_1_(i)	1,669	1,478	1,217	00:03:32	55.63	14:54:59
/Science:Math_Exam_Resources/Courses/MATH104/December_2011/Question_2_(g)	1,666	1,385	1,082	00:03:56	11.82	24:33:56
/Science:Math_Exam_Resources/Courses/MATH104/December_2011/Question_1_(h)	1,654	1,508	1,241	00:02:46	23.97	30:25:35
/Science:Math_Exam_Resources/Courses/MATH104/December_2011/Question_2_(d)	1,636	1,370	1,127	00:02:10	24.79	32:51:54
/Science:Math_Exam_Resources/Courses/MATH105/April_2010/Question_1_(a)	1,636	1,388	1,061	00:02:32	18.18	35:40:56
/Science:Math_Exam_Resources/Courses/MATH104/December_2011/Question_5_(b)	1,612	1,391	1,172	00:01:32	29.85	14:50:14
/Science:Math_Exam_Resources/Courses/MATH220	1,582	1,058	578	00:00:38	3.3	111:26:11
/Science:Math_Exam_Resources/Courses/MATH104/December_2011/Question_1_(l)	1,576	1,421	1,190	00:02:02	43.78	18:03:09
/Science:Math_Exam_Resources/Courses/MATH104/December_2011/Question_2_(b)	1,576	1,376	1,130	00:01:36	21.01	17:14:06
/Science:Math_Exam_Resources/Courses/MATH104/December_2011/Question_1_(n)	1,561	1,418	1,184	00:04:27	20.01	32:46:00
/Science:Math_Exam_Resources/Courses/MATH104/December_2011/Question_1_(k)	1,558	1,376	1,145	00:02:23	24.73	30:50:52
/Science:Math_Exam_Resources/Courses/MATH104/December_2010/Question_1_(a)	1,466	1,331	1,097	00:02:02	21.25	32:14:35
/Science:Math_Exam_Resources/Courses/MATH104/December_2010/Question_2_(b)	1,424	1,157	881	00:04:47	7.66	31:04:45
/Science:Math_Exam_Resources/Courses/MATH104/December_2010/Question_6	1,415	1,202	908	00:05:19	9.25	19:10:11
/Science:Math_Exam_Resources/Courses/MATH105/April_2011/Question_3	1,412	1,190	950	00:06:07	14.26	41:41:02
/Science:Math_Exam_Resources/Courses/MATH105/April_2012/Question_1_(a)	1,373	1,112	755	00:03:30	9.74	76:35:25
/Science:Math_Exam_Resources/Courses/MATH104/December_2010/Question_5	1,361	1,139	869	00:05:28	9.26	47:46:38
/Science:Math_Exam_Resources/Courses/MATH104/December_2010/Question_3	1,349	1,157	911	00:03:51	11.24	23:55:16
/Science:Math_Exam_Resources/Courses/MATH105/April_2011/Question_1_(b)	1,346	1,166	968	00:03:45	17.95	59:58:01
/Science:Math_Exam_Resources/Courses/MATH105/April_2011/Question_2	1,343	1,136	914	00:04:37	24.87	21:17:19
/Science:Math_Exam_Resources/Courses/MATH103/April_2011/Question_3_(a)	1,310	830	608	00:03:11	9.92	59:28:45
/Science:Math_Exam_Resources/Courses/MATH104/December_2010/Question_1_(e)	1,307	1,148	929	00:04:57	18.15	38:59:11
/Science:Math_Exam_Resources/Courses/MATH220/December_2011	1,298	608	351	00:00:51	11.69	15:45:17
/Science:Math_Exam_Resources/Courses/MATH103/April_2011/Question_1_(a)	1,289	1,103	815	00:03:44	12.28	69:36:43
/Science:Math_Exam_Resources/Courses/MATH105/April_2011/Question_6	1,280	1,094	839	00:06:23	15.24	27:37:39
/Science:Math_Exam_Resources/Courses/MATH104/December_2010/Question_2_(a)	1,277	1,028	869	00:02:19	22.4	22:41:05
/Science:Math_Exam_Resources/Courses/MATH100/December_2010	1,256	737	510	00:00:32	22.04	08:43:27
/Science:Math_Exam_Resources/Courses/MATH104/December_2010/Question_1_(c)	1,250	1,067	884	00:03:16	23.15	28:19:57
/Science:Math_Exam_Resources/Courses/MATH103/April_2011/Question_1_(b)	1,247	929	725	00:04:31	10.94	43:15:45
/Science:Math_Exam_Resources/Courses/MATH104/December_2010/Question_4	1,235	1,100	884	00:06:22	18.71	24:24:56
/Science:Math_Exam_Resources/Courses/MATH105/April_2011/Question_7	1,211	1,040	830	00:06:11	9.61	68:26:14
/Science:Math_Exam_Resources/Courses/MATH104/December_2010/Question_1_(b)	1,181	1,043	911	00:01:54	21.87	26:42:51
/Science:Math_Exam_Resources/Courses/MATH105/April_2011/Question_4	1,181	1,013	806	00:03:09	15.75	54:13:30
/Science:Math_Exam_Resources/Courses/MATH104/December_2010/Question_1_(d)	1,178	1,040	893	00:03:46	24.54	22:48:23
/Science:Math_Exam_Resources/Courses/MATH105/April_2012/Question_1_(b)	1,160	908	647	00:03:43	16.11	45:39:51
/Science:Math_Exam_Resources/Courses/MATH105/April_2011/Question_5_(a)	1,136	974	782	00:02:32	14.02	35:13:51
/Science:Math_Exam_Resources/Courses/MATH102/December_2011	1,130	557	381	00:00:41	4.43	104:41:59
/Science:Math_Exam_Resources/Courses/MATH105/April_2011/Question_9_(f)	1,115	947	752	00:04:04	9.07	26:20:13
/Science:Math_Exam_Resources/Courses/MATH101/April_2008	1,106	710	465	00:00:46	18.43	26:07:11
/Science:Math_Exam_Resources/Courses/MATH105/April_2011/Question_9_(a)	1,100	962	788	00:02:47	11.46	24:54:27
/Science:Math_Exam_Resources/Courses/MATH105/April_2011/Question_9_(c)	1,091	938	788	00:04:12	11.02	35:13:12
/Science:Math_Exam_Resources/Courses/MATH104/December_2010/Question_1_(i)	1,082	965	830	00:04:00	21.22	10:33:20
/Science:Math_Exam_Resources/Courses/MATH104/December_2010/Question_1_(f)	1,079	968	860	00:03:09	14.39	54:16:30
/Science:Math_Exam_Resources/Courses/MATH105/April_2011/Question_9_(e)	1,079	830	701	00:03:03	17.98	11:19:51
/Science:Math_Exam_Resources/Courses/MATH105/April_2012/Question_1_(c)	1,079	908	638	00:06:10	14.39	32:57:41
/Science:Math_Exam_Resources/Courses/MATH104/December_2010/Question_1_(g)	1,076	977	821	00:03:18	17.93	19:11:02
/Science:Math_Exam_Resources/Courses/MATH104/December_2010/Question_1_(m)	1,064	947	806	00:03:18	19.7	12:16:56
/Science:Math_Exam_Resources/Courses/MATH104/December_2010/Question_1_(k)	1,052	935	821	00:03:33	25.05	23:33:20
/Science:Math_Exam_Resources/Courses/MATH257/December_2011	1,052	548	381	00:00:49	12.99	15:16:28
/Science:Math_Exam_Resources/Courses/MATH103/April_2011/Question_2_(c)	1,046	848	647	00:06:23	13.95	38:32:46
/Science:Math_Exam_Resources/Courses/MATH105/April_2011/Question_9_(b)	1,043	896	758	00:04:12	24.83	20:17:37
/Science:Math_Exam_Resources/Courses/MATH101/April_2011/Question_1_(a)	1,040	881	707	00:03:07	11.56	48:35:05
/Science:Math_Exam_Resources/Courses/MATH103/April_2009/Question_1_(a)	1,040	866	647	00:03:22	18.25	44:07:00
/Science:Math_Exam_Resources/Courses/MATH104/December_2010/Question_1_(n)	1,034	911	782	00:02:28	31.33	15:55:26
/Science:Math_Exam_Resources/Courses/MATH105/April_2010/Question_6	1,034	872	662	00:04:39	13.79	22:41:44
/Science:Math_Exam_Resources/Courses/MATH104/December_2010/Question_1_(l)	1,025	911	791	00:03:17	21.35	10:12:42
/Science:Math_Exam_Resources/Courses/MATH220/April_2011	1,025	504	321	00:00:25	13.67	20:31:58
/Science:Math_Exam_Resources/Courses/MATH105/April_2011/Question_9_(d)	1,022	851	731	00:04:21	24.33	20:04:20
/Science:Math_Exam_Resources/Courses/MATH103/April_2011/Question_8	1,013	836	644	00:06:25	13.51	22:57:40
/Science:Math_Exam_Resources/Courses/MATH104/December_2010/Question_1_(h)	1,013	920	821	00:01:59	30.7	24:20:59
/Science:Math_Exam_Resources/Courses/MATH104/December_2010/Question_1_(j)	998	911	809	00:02:53	27.72	09:32:36
/Science:Math_Exam_Resources/Courses/MATH105/April_2011/Question_8_(a)	989	851	683	00:03:33	9.99	46:14:19
/Science:Math_Exam_Resources/Courses/MATH105/April_2012/Question_2_(a)	989	818	572	00:04:15	8.68	34:36:39
/Science:Math_Exam_Resources/Courses/MATH100/December_2011	980	566	411	00:00:34	16.33	15:46:14
/Science:Math_Exam_Resources/Courses/MATH110/December_2011	974	563	363	00:00:39	10.82	25:58:06
/Science:Math_Exam_Resources/Courses/MATH103/April_2012/Question_1_(a)	968	818	536	00:02:44	16.98	28:15:40
/Science:Math_Exam_Resources/Courses/MATH105/April_2010/Question_1_(b)	956	860	725	00:02:17	21.24	21:13:01
/Science:Math_Exam_Resources/Courses/MATH105/April_2010/Question_3	947	773	599	00:04:02	12.63	42:02:43
/Science:Math_Exam_Resources/Courses/MATH105/April_2010/Question_1_(d)	944	797	665	00:02:41	14.98	20:43:24
/Science:Math_Exam_Resources/Courses/MATH101/April_2011/Question_8	923	662	486	00:04:14	7.33	52:10:32
/Science:Math_Exam_Resources/Courses/MATH105/April_2011/Question_5_(b)	923	800	683	00:02:59	27.97	19:50:18
/Science:Math_Exam_Resources/Courses/MATH105/April_2010/Question_1_(e)	920	776	635	00:02:49	27.88	07:30:19
/Science:Math_Exam_Resources/Courses/MATH105/April_2010/Question_4	920	764	611	00:06:23	10.57	20:27:34
/Science:Math_Exam_Resources/Courses/MATH103/April_2011/Question_3_(b)	911	674	596	00:03:45	33.74	13:12:47
/Science:Math_Exam_Resources/Courses/MATH105/April_2012/Question_4_(a)	911	758	545	00:05:42	23.36	17:25:17
/Science:Math_Exam_Resources/Courses/MATH105/April_2010/Question_1_(k)	908	776	587	00:04:52	9.46	14:09:32
/Science:Math_Exam_Resources/Courses/MATH105/April_2011/Question_9_(g)	908	761	611	00:03:28	20.18	18:52:42
/Science:Math_Exam_Resources/Courses/MATH105/April_2010/Question_1_(m)	902	785	638	00:05:00	23.13	06:51:09
/Science:Math_Exam_Resources/Courses/MATH103/April_2010/Question_1_(a)	890	791	656	00:03:10	59.33	09:38:02
/Science:Math_Exam_Resources/Courses/MATH101/April_2010/Question_4	887	668	510	00:06:19	11.37	32:13:11
/Science:Math_Exam_Resources/Courses/MATH152/April_2011/Question_A01	884	788	626	00:01:06	11.33	49:38:55
/Science:Math_Exam_Resources/Courses/MATH103/April_2011/Question_4_(b)	881	734	599	00:05:51	12.77	25:41:46
/Science:Math_Exam_Resources/Courses/MATH103/April_2011/Question_4_(a)	869	722	578	00:04:15	22.28	17:37:44
/Science:Math_Exam_Resources/Courses/MATH105/April_2010/Question_5_(b)	869	599	504	00:03:53	24.14	15:59:19
/Science:Math_Exam_Resources/Courses/MATH110/April_2012	869	527	300	00:00:48	13.79	15:21:01
/Science:Math_Exam_Resources/Courses/MATH221/December_2011	866	545	342	00:00:49	9.62	24:27:05
/Science:Math_Exam_Resources/Courses/MATH103/April_2011/Question_1_(c)	863	734	608	00:03:19	11.06	37:02:21
/Science:Math_Exam_Resources/Courses/MATH103/April_2011/Question_2_(d)	863	692	566	00:03:53	7.02	49:23:41
/Science:Math_Exam_Resources/Courses/MATH105/April_2010/Question_1_(c)	863	770	665	00:05:26	19.18	24:27:56
/Science:Math_Exam_Resources/Courses/MATH105/April_2010/Question_1_(l)	863	785	674	00:03:40	6.12	38:30:10
/Science:Math_Exam_Resources/Courses/MATH105/April_2012/Question_2_(b)	863	725	554	00:04:04	15.14	29:12:12
/Science:Math_Exam_Resources/Courses/MATH103/April_2011/Question_6_(b)	851	710	542	00:05:33	12.89	20:15:38
/Science:Math_Exam_Resources/Courses/MATH103/April_2011/Question_7_(a)	851	710	551	00:03:56	9.46	25:35:37
/Science:Math_Exam_Resources/Courses/MATH103/April_2011/Question_2_(a)	848	746	605	00:03:53	23.56	25:37:52
/Science:Math_Exam_Resources/Courses/MATH152/April_2011/Question_A15	845	695	554	00:06:50	8.28	26:46:36
/Science:Math_Exam_Resources/Courses/MATH103/April_2011/Question_2_(b)	836	692	590	00:04:23	15.48	35:46:08
/Science:Math_Exam_Resources/Courses/MATH105/April_2010/Question_1_(f)	836	743	632	00:04:08	23.22	09:26:15
/Science:Math_Exam_Resources/Courses/MATH110/April_2011	830	450	282	00:00:16	15.37	15:56:38
/Science:Math_Exam_Resources/Courses/MATH103/April_2010/Question_8	815	680	539	00:07:37	13.58	25:30:04
/Science:Math_Exam_Resources/Courses/MATH103/April_2011/Question_6_(a)	815	680	560	00:02:14	18.11	20:44:42
/Science:Math_Exam_Resources/Courses/MATH105/April_2010/Question_2	815	665	548	00:02:51	12.94	21:35:09
/Science:Math_Exam_Resources/Courses/MATH110/December_2010	812	459	303	00:00:43	9.02	24:26:50
/Science:Math_Exam_Resources/Courses/MATH105/April_2011/Question_8_(b)	809	689	581	00:02:30	20.74	25:29:01
/Science:Math_Exam_Resources/Courses/MATH105/April_2012/Question_2_(c)	800	695	533	00:05:34	26.67	22:58:43
/Science:Math_Exam_Resources/Courses/MATH105/April_2012/Question_6_(a)	800	677	518	00:02:35	12.7	23:44:58
/Science:Math_Exam_Resources/Courses/MATH101/April_2010/Question_2_(a)	797	599	483	00:04:40	33.21	12:04:06
/Science:Math_Exam_Resources/Courses/MATH105/April_2010/Question_1_(h)	797	689	596	00:01:52	29.52	08:15:10
/Science:Math_Exam_Resources/Courses/MATH105/April_2012/Question_3_(a)	797	704	530	00:05:28	15.63	31:53:09
/Science:Math_Exam_Resources/Courses/MATH105/April_2010/Question_1_(n)	785	692	596	00:05:16	10.47	30:14:51
/Science:Math_Exam_Resources/Courses/MATH105/April_2010/Question_5_(a)	785	665	545	00:02:45	11.89	17:16:18
/Science:Math_Exam_Resources/Courses/MATH105/April_2012/Question_8_(a)	785	698	518	00:05:49	13.08	21:21:34
/Science:Math_Exam_Resources/Courses/MATH103/April_2011/Question_5_(a)	776	665	560	00:02:26	14.37	48:55:19
/Science:Math_Exam_Resources/Courses/MATH103/April_2011/Question_5_(c)	776	614	527	00:03:49	86.22	02:26:31
/Science:Math_Exam_Resources/Courses/MATH105/April_2012/Question_5_(a)	776	674	530	00:03:07	36.95	15:14:19
/Science:Math_Exam_Resources/Courses/MATH101/April_2011/Question_4_(a)	773	605	486	00:04:53	8.89	75:41:07
/Science:Math_Exam_Resources/Courses/MATH105/April_2012/Question_4_(b)	773	668	524	00:02:57	16.1	42:19:18
/Science:Math_Exam_Resources/Courses/MATH101/April_2010/Question_1_(a)	764	638	563	00:01:55	50.93	10:24:51
/Science:Math_Exam_Resources/Courses/MATH105/April_2010/Question_1_(i)	764	677	602	00:03:30	36.38	12:00:33
/Science:Math_Exam_Resources/Courses/MATH103/April_2011/Question_7_(c)	761	641	524	00:03:12	10.15	14:57:44
/Science:Math_Exam_Resources/Courses/MATH105/April_2012/Question_6_(b)	761	659	504	00:05:07	23.06	09:09:25
/Science:Math_Exam_Resources/Courses/MATH103/April_2010/Question_7_(a)	758	617	518	00:05:54	42.11	02:59:38
/Science:Math_Exam_Resources/Courses/MATH105/April_2010/Question_1_(j)	752	653	560	00:03:38	22.79	11:15:06
/Science:Math_Exam_Resources/Courses/MATH105/April_2012/Question_8_(h)	746	614	444	00:06:23	8.88	08:21:19
/Science:Math_Exam_Resources/Courses/MATH221	746	596	447	00:00:13	8.88	14:58:11
/Science:Math_Exam_Resources/Courses/MATH105/April_2010/Question_5_(c)	743	518	435	00:01:14	24.77	29:42:14
/Science:Math_Exam_Resources/Courses/MATH101/April_2012/Question_1_(a)	740	638	483	00:02:11	17.62	23:21:21
/Science:Math_Exam_Resources/Courses/MATH103/April_2010/Question_1_(e)	737	623	563	00:02:00	61.42	07:03:53
/Science:Math_Exam_Resources/Courses/MATH105/April_2012/Question_5_(b)	737	656	516	00:03:49	61.42	08:22:37
/Science:Math_Exam_Resources/Courses/MATH103/April_2011/Question_5_(b)	731	617	533	00:02:19	20.31	18:30:23
/Science:Math_Exam_Resources/Courses/MATH105/April_2010/Question_1_(g)	731	641	551	00:02:38	15.23	13:00:36
/Science:Math_Exam_Resources/Courses/MATH105/April_2012/Question_7_(a)	731	635	492	00:05:14	17.4	30:52:04
/Science:Math_Exam_Resources/Courses/MATH101/April_2011/Question_2_(b)	728	629	480	00:05:21	6.74	34:44:17
/Science:Math_Exam_Resources/Courses/MATH103/April_2010/Question_1_(b)	728	641	554	00:02:13	22.06	31:53:33
/Science:Math_Exam_Resources/Courses/MATH103/April_2010/Question_3_(a)	728	629	548	00:02:53	22.06	14:58:50
/Science:Math_Exam_Resources/Courses/MATH103/April_2010/Question_1_(f)	725	617	533	00:05:05	21.97	13:12:35
/Science:Math_Exam_Resources/Courses/MATH103/April_2010/Question_6_(a)	722	596	504	00:04:01	18.51	14:02:02
/Science:Math_Exam_Resources/Courses/MATH105/April_2012/Question_3_(b)	719	635	501	00:03:38	13.31	78:00:20
/Science:Math_Exam_Resources/Courses/MATH103/April_2010/Question_1_(d)	716	608	551	00:02:14	47.73	11:05:33
/Science:Math_Exam_Resources/Courses/MATH105/April_2011/Question_5_(c)	716	659	575	00:01:45	26.52	15:01:59
/Science:Math_Exam_Resources/Courses/MATH103/April_2011/Question_7_(b)	713	602	518	00:02:50	18.28	19:20:50
/Science:Math_Exam_Resources/Courses/MATH103/April_2012/Question_1_(b)	713	575	441	00:02:38	13.2	23:07:49
/Science:Math_Exam_Resources/Courses/MATH152/April_2011/Question_A16	713	626	471	00:05:51	6.99	82:15:41
/Science:Math_Exam_Resources/Courses/MATH152/April_2011/Question_A24	707	608	486	00:06:11	23.57	13:39:42
/Science:Math_Exam_Resources/Courses/MATH152/April_2011/Question_A13	704	623	518	00:03:16	11.17	19:04:45
/Science:Math_Exam_Resources/Courses/MATH101/April_2011/Question_1_(g)	701	581	489	00:04:32	14.6	21:13:19
/Science:Math_Exam_Resources/Courses/MATH105/April_2012/Question_8_(b)	701	632	504	00:04:07	17.97	29:06:25
/Science:Math_Exam_Resources/Courses/MATH101/April_2010/Question_9	698	536	447	00:04:29	17.9	04:46:19
/Science:Math_Exam_Resources/Courses/MATH152/April_2012	698	456	279	00:01:34	8.62	20:27:19
/Science:Math_Exam_Resources/Courses/MATH101/April_2011/Question_5_(a)	695	516	417	00:04:04	23.17	09:36:00
/Science:Math_Exam_Resources/Courses/MATH101/April_2007	692	402	273	00:00:42	17.74	19:44:03
/Science:Math_Exam_Resources/Courses/MATH103/April_2010/Question_4_(c)	692	590	518	00:05:30	25.63	11:29:08
/Science:Math_Exam_Resources/Courses/MATH101/April_2011/Question_1_(b)	689	596	518	00:03:30	28.71	12:16:59
/Science:Math_Exam_Resources/Courses/MATH101/April_2010/Question_3_(c)	683	569	495	00:05:12	12.65	20:04:44
/Science:Math_Exam_Resources/Courses/MATH101/April_2011/Question_1_(f)	683	566	477	00:04:29	32.52	13:55:03
/Science:Math_Exam_Resources/Courses/MATH103/April_2010/Question_4_(a)	683	605	542	00:04:51	75.89	05:16:03
/Science:Math_Exam_Resources/Courses/MATH103/April_2011/Question_5_(d)	683	575	510	00:03:44	32.52	06:46:57
/Science:Math_Exam_Resources/Courses/MATH101/April_2011/Question_1_(e)	680	578	495	00:03:05	28.33	02:58:53
/Science:Math_Exam_Resources/Courses/MATH101/April_2011/Question_6_(a)	680	542	414	00:04:50	17.44	13:34:07
/Science:Math_Exam_Resources/Courses/MATH103/April_2009/Question_3_(a)	674	533	441	00:03:19	17.28	44:05:21
/Science:Math_Exam_Resources/Courses/MATH101/April_2010/Question_3_(b)	671	578	489	00:05:50	17.21	25:38:43
/Science:Math_Exam_Resources/Courses/MATH103/April_2010/Question_2_(a)	671	578	516	00:04:34	44.73	07:15:23
/Science:Math_Exam_Resources/Courses/MATH101/April_2011/Question_4_(d)	668	524	426	00:04:05	31.81	04:56:07
/Science:Math_Exam_Resources/Courses/MATH103/April_2009/Question_5_(b)	665	513	423	00:05:32	36.94	00:46:48
/Science:Math_Exam_Resources/Courses/MATH105/April_2011/Question_8_(c)	665	587	507	00:02:06	22.17	09:37:03
/Science:Math_Exam_Resources/Courses/MATH101/April_2010/Question_3_(a)	662	569	489	00:04:50	36.78	08:41:24
/Science:Math_Exam_Resources/Courses/MATH103/April_2010/Question_1_(h)	662	575	527	00:03:01	220.67	00:16:56
/Science:Math_Exam_Resources/Courses/MATH152/April_2011/Question_B1_(a)	662	575	456	00:03:09	8.49	47:54:19
/Science:Math_Exam_Resources/Courses/MATH152/April_2011/Question_A25	659	581	486	00:04:32	11.56	32:50:15
/Science:Math_Exam_Resources/Courses/MATH103/April_2009/Question_1_(d)	656	539	456	00:02:12	36.44	09:22:57
/Science:Math_Exam_Resources/Courses/MATH101/April_2011/Question_5_(b)	653	438	369	00:03:01	15.55	13:59:20
/Science:Math_Exam_Resources/Courses/MATH105/April_2012/Question_8_(c)	653	584	456	00:04:00	18.14	11:19:48
/Science:Math_Exam_Resources/Courses/MATH103/April_2010/Question_5_(b)	650	560	486	00:04:14	27.08	14:28:43
/Science:Math_Exam_Resources/Courses/MATH103/April_2010/Question_4_(b)	647	578	516	00:02:56	16.59	24:25:14
/Science:Math_Exam_Resources/Courses/MATH101/April_2010/Question_5_(c)	644	548	462	00:05:06	12.63	40:24:00
/Science:Math_Exam_Resources/Courses/MATH105/April_2012/Question_7_(b)	644	557	447	00:03:37	23.85	15:19:31
/Science:Math_Exam_Resources/Courses/MATH103/April_2009/Question_4_(a)	641	536	441	00:03:46	21.37	19:43:21
/Science:Math_Exam_Resources/Courses/MATH101/April_2010/Question_1_(b)	638	581	527	00:02:30	35.44	10:43:02
/Science:Math_Exam_Resources/Courses/MATH101/April_2011/Question_3_(a)	638	551	453	00:04:13	21.27	10:28:36
/Science:Math_Exam_Resources/Courses/MATH103/April_2010/Question_1_(c)	638	605	527	00:02:47	21.27	21:24:40
/Science:Math_Exam_Resources/Courses/MATH105/April_2012/Question_8_(f)	635	560	435	00:04:24	13.23	04:59:01
/Science:Math_Exam_Resources/Courses/MATH152/April_2011/Question_B2_(a)	635	551	444	00:02:44	12.45	19:48:39
/Science:Math_Exam_Resources/Courses/MATH101/April_2010/Question_1_(d)	632	557	492	00:03:44	70.22	09:07:40
/Science:Math_Exam_Resources/Courses/MATH101/April_2011/Question_4_(b)	632	533	456	00:04:44	15.05	28:12:22
/Science:Math_Exam_Resources/Courses/MATH103/April_2010/Question_6_(b)	632	521	480	00:02:22	26.33	21:43:05
/Science:Math_Exam_Resources/Courses/MATH103/April_2012/Question_1_(c)	632	536	423	00:03:04	70.22	05:07:21
/Science:Math_Exam_Resources/Courses/MATH103/April_2009/Question_2	629	563	462	00:04:43	20.97	16:06:04
/Science:Math_Exam_Resources/Courses/MATH103/April_2009/Question_4_(b)	629	521	435	00:05:11	52.42	05:36:46
/Science:Math_Exam_Resources/Courses/MATH105/April_2012/Question_8_(g)	629	551	438	00:04:24	23.3	00:47:24
/Science:Math_Exam_Resources/Courses/MATH101/April_2011/Question_1_(h)	626	551	462	00:03:19	23.19	20:29:25
/Science:Math_Exam_Resources/Courses/MATH105/April_2012/Question_8_(e)	626	557	450	00:03:54	34.78	01:41:42
/Science:Math_Exam_Resources/Courses/MATH152/April_2011/Question_A12	626	548	468	00:02:51	18.97	16:49:16
/Science:Math_Exam_Resources/Courses/MATH257	626	539	435	00:00:10	26.08	00:01:27
/Science:Math_Exam_Resources/Courses/MATH103/April_2010/Question_7_(b)	623	521	465	00:01:38	18.88	24:50:16
/Science:Math_Exam_Resources/Courses/MATH103/April_2009/Question_1_(e)	620	557	444	00:04:42	10.33	14:42:57
/Science:Math_Exam_Resources/Courses/MATH103/April_2010/Question_3_(b)	620	554	507	00:02:20	41.33	18:54:06
/Science:Math_Exam_Resources/Courses/MATH101/April_2011/Question_7	617	507	399	00:05:11	10.82	27:18:13
/Science:Math_Exam_Resources/Courses/MATH103/April_2009/Question_6_(b)	617	462	393	00:04:41	25.71	04:43:26
/Science:Math_Exam_Resources/Courses/MATH102	614	510	441	00:00:42	7.31	03:27:54
/Science:Math_Exam_Resources/Courses/MATH103/April_2012/Question_1_(d)	614	548	423	00:05:00	17.06	14:44:33
/Science:Math_Exam_Resources/Courses/MATH101/April_2011/Question_3_(b)	611	527	438	00:05:41	13.58	26:50:12
/Science:Math_Exam_Resources/Courses/MATH103/April_2009/Question_5_(a)	611	498	420	00:02:48	25.46	26:12:47
/Science:Math_Exam_Resources/Courses/MATH103/April_2010/Question_1_(g)	611	548	510	00:02:04	25.46	05:11:30
/Science:Math_Exam_Resources/Courses/MATH103/April_2010/Question_7_(c)	611	516	465	00:02:50	40.73	02:17:10
	502,534	391,750	306,082	00:02:39	13.32	14181:40:28
						
Day Index	Pageviews					
1/1/12	0					
1/2/12	0					
1/3/12	0					
1/4/12	0					
1/5/12	0					
1/6/12	0					
1/7/12	0					
1/8/12	0					
1/9/12	0					
1/10/12	0					
1/11/12	0					
1/12/12	0					
1/13/12	0					
1/14/12	0					
1/15/12	0					
1/16/12	0					
1/17/12	0					
1/18/12	0					
1/19/12	0					
1/20/12	0					
1/21/12	0					
1/22/12	0					
1/23/12	0					
1/24/12	0					
1/25/12	0					
1/26/12	0					
1/27/12	0					
1/28/12	0					
1/29/12	0					
1/30/12	0					
1/31/12	0					
2/1/12	0					
2/2/12	0					
2/3/12	0					
2/4/12	0					
2/5/12	0					
2/6/12	0					
2/7/12	0					
2/8/12	0					
2/9/12	0					
2/10/12	0					
2/11/12	0					
2/12/12	0					
2/13/12	0					
2/14/12	0					
2/15/12	0					
2/16/12	0					
2/17/12	0					
2/18/12	0					
2/19/12	0					
2/20/12	13					
2/21/12	4					
2/22/12	80					
2/23/12	9					
2/24/12	12					
2/25/12	6					
2/26/12	20					
2/27/12	154					
2/28/12	126					
2/29/12	90					
3/1/12	1,045					
3/2/12	1,954					
3/3/12	1,420					
3/4/12	612					
3/5/12	863					
3/6/12	1,380					
3/7/12	455					
3/8/12	633					
3/9/12	338					
3/10/12	255					
3/11/12	275					
3/12/12	539					
3/13/12	392					
3/14/12	85					
3/15/12	1,018					
3/16/12	284					
3/17/12	527					
3/18/12	364					
3/19/12	184					
3/20/12	572					
3/21/12	469					
3/22/12	374					
3/23/12	950					
3/24/12	624					
3/25/12	660					
3/26/12	731					
3/27/12	1,308					
3/28/12	1,023					
3/29/12	2,025					
3/30/12	1,314					
3/31/12	926					
4/1/12	1,216					
4/2/12	1,444					
4/3/12	1,701					
4/4/12	1,811					
4/5/12	2,198					
4/6/12	4,474					
4/7/12	5,302					
4/8/12	8,588					
4/9/12	18,190					
4/10/12	36,691					
4/11/12	11,490					
4/12/12	812					
4/13/12	849					
4/14/12	4,920					
4/15/12	9,870					
4/16/12	10,873					
4/17/12	187					
4/18/12	240					
4/19/12	58					
4/20/12	110					
4/21/12	128					
4/22/12	20					
4/23/12	48					
4/24/12	44					
4/25/12	120					
4/26/12	14					
4/27/12	73					
4/28/12	134					
4/29/12	267					
4/30/12	17					
5/1/12	79					
5/2/12	33					
5/3/12	11					
5/4/12	25					
5/5/12	63					
5/6/12	41					
5/7/12	31					
5/8/12	9					
5/9/12	18					
5/10/12	63					
5/11/12	21					
5/12/12	7					
5/13/12	15					
5/14/12	40					
5/15/12	55					
5/16/12	4					
5/17/12	34					
5/18/12	8					
5/19/12	4					
5/20/12	14					
5/21/12	5					
5/22/12	7					
5/23/12	18					
5/24/12	25					
5/25/12	57					
5/26/12	5					
5/27/12	46					
5/28/12	24					
5/29/12	44					
5/30/12	77					
5/31/12	31					
6/1/12	10					
6/2/12	21					
6/3/12	3					
6/4/12	62					
6/5/12	13					
6/6/12	3					
6/7/12	11					
6/8/12	9					
6/9/12	16					
6/10/12	13					
6/11/12	12					
6/12/12	19					
6/13/12	39					
6/14/12	44					
6/15/12	35					
6/16/12	6					
6/17/12	13					
6/18/12	24					
6/19/12	39					
6/20/12	19					
6/21/12	11					
6/22/12	5					
6/23/12	4					
6/24/12	8					
6/25/12	20					
6/26/12	28					
6/27/12	12					
6/28/12	12					
6/29/12	1					
6/30/12	1					
7/1/12	31					
7/2/12	12					
7/3/12	90					
7/4/12	32					
7/5/12	4					
7/6/12	18					
7/7/12	35					
7/8/12	1					
7/9/12	39					
7/10/12	12					
7/11/12	8					
7/12/12	25					
7/13/12	28					
7/14/12	31					
7/15/12	42					
7/16/12	22					
7/17/12	75					
7/18/12	92					
7/19/12	41					
7/20/12	86					
7/21/12	93					
7/22/12	193					
7/23/12	151					
7/24/12	711					
7/25/12	1,178					
7/26/12	2,214					
7/27/12	2,727					
7/28/12	467					
7/29/12	90					
7/30/12	15					
7/31/12	10					
8/1/12	11					
8/2/12	4					
8/3/12	10					
8/4/12	0					
8/5/12	3					
8/6/12	6					
8/7/12	15					
8/8/12	4					
8/9/12	2					
8/10/12	11					
8/11/12	1					
8/12/12	0					
8/13/12	12					
8/14/12	4					
8/15/12	22					
8/16/12	19					
8/17/12	9					
8/18/12	28					
8/19/12	33					
8/20/12	37					
8/21/12	4					
8/22/12	21					
8/23/12	28					
8/24/12	13					
8/25/12	25					
8/26/12	12					
8/27/12	30					
8/28/12	16					
8/29/12	16					
8/30/12	10					
8/31/12	11					
9/1/12	0					
9/2/12	21					
9/3/12	16					
9/4/12	5					
9/5/12	9					
9/6/12	13					
9/7/12	11					
9/8/12	11					
9/9/12	22					
9/10/12	16					
9/11/12	34					
9/12/12	10					
9/13/12	43					
9/14/12	21					
9/15/12	9					
9/16/12	9					
9/17/12	17					
9/18/12	16					
9/19/12	35					
9/20/12	47					
9/21/12	5					
9/22/12	146					
9/23/12	13					
9/24/12	205					
9/25/12	186					
9/26/12	298					
9/27/12	179					
9/28/12	181					
9/29/12	125					
9/30/12	221					
10/1/12	228					
10/2/12	147					
10/3/12	256					
10/4/12	266					
10/5/12	635					
10/6/12	353					
10/7/12	175					
10/8/12	333					
10/9/12	245					
10/10/12	87					
10/11/12	197					
10/12/12	101					
10/13/12	37					
10/14/12	48					
10/15/12	49					
10/16/12	30					
10/17/12	36					
10/18/12	24					
10/19/12	177					
10/20/12	57					
10/21/12	12					
10/22/12	25					
10/23/12	80					
10/24/12	153					
10/25/12	175					
10/26/12	50					
10/27/12	68					
10/28/12	206					
10/29/12	52					
10/30/12	68					
10/31/12	93					
11/1/12	39					
11/2/12	59					
11/3/12	42					
11/4/12	163					
11/5/12	229					
11/6/12	99					
11/7/12	300					
11/8/12	249					
11/9/12	68					
11/10/12	17					
11/11/12	55					
11/12/12	329					
11/13/12	21					
11/14/12	127					
11/15/12	253					
11/16/12	478					
11/17/12	171					
11/18/12	473					
11/19/12	253					
11/20/12	388					
11/21/12	275					
11/22/12	407					
11/23/12	657					
11/24/12	770					
11/25/12	460					
11/26/12	1,084					
11/27/12	1,580					
11/28/12	2,130					
11/29/12	2,913					
11/30/12	2,395					
12/1/12	5,876					
12/2/12	9,856					
12/3/12	19,662					
12/4/12	32,428					
12/5/12	14,256					
12/6/12	275					
12/7/12	205					
12/8/12	188					
12/9/12	135					
12/10/12	279					
12/11/12	320					
12/12/12	498					
12/13/12	4,465					
12/14/12	3,502					
12/15/12	75					
12/16/12	62					
12/17/12	61					
12/18/12	55					
12/19/12	117					
12/20/12	154					
12/21/12	60					
12/22/12	37					
12/23/12	31					
12/24/12	9					
12/25/12	46					
12/26/12	34					
12/27/12	78					
12/28/12	30					
12/29/12	37					
12/30/12	21					
12/31/12	72					
1/1/13	63					
1/2/13	62					
1/3/13	64					
1/4/13	59					
1/5/13	20					
1/6/13	20					
1/7/13	48					
1/8/13	11					
1/9/13	90					
1/10/13	86					
1/11/13	60					
1/12/13	41					
1/13/13	14					
1/14/13	58					
1/15/13	66					
1/16/13	49					
1/17/13	48					
1/18/13	34					
1/19/13	9					
1/20/13	54					
1/21/13	87					
1/22/13	81					
1/23/13	102					
1/24/13	102					
1/25/13	98					
1/26/13	109					
1/27/13	53					
1/28/13	137					
1/29/13	124					
1/30/13	337					
1/31/13	609					
2/1/13	229					
2/2/13	439					
2/3/13	878					
2/4/13	730					
2/5/13	171					
2/6/13	96					
2/7/13	103					
2/8/13	106					
2/9/13	79					
2/10/13	116					
2/11/13	346					
2/12/13	499					
2/13/13	746					
2/14/13	18					
2/15/13	7					
2/16/13	65					
2/17/13	23					
2/18/13	26					
2/19/13	36					
2/20/13	512					
2/21/13	38					
2/22/13	19					
2/23/13	92					
2/24/13	37					
2/25/13	68					
2/26/13	60					
2/27/13	142					
2/28/13	130					
3/1/13	78					
3/2/13	44					
3/3/13	75					
3/4/13	178					
3/5/13	183					
3/6/13	573					
3/7/13	673					
3/8/13	29					
3/9/13	193					
3/10/13	201					
3/11/13	358					
3/12/13	267					
3/13/13	202					
3/14/13	183					
3/15/13	15					
3/16/13	21					
3/17/13	82					
3/18/13	205					
3/19/13	173					
3/20/13	86					
3/21/13	61					
3/22/13	155					
3/23/13	61					
3/24/13	53					
3/25/13	195					
3/26/13	205					
3/27/13	199					
3/28/13	33					
3/29/13	121					
3/30/13	136					
3/31/13	168					
4/1/13	254					
4/2/13	596					
4/3/13	361					
4/4/13	442					
4/5/13	681					
4/6/13	339					
4/7/13	686					
4/8/13	922					
4/9/13	1,658					
4/10/13	1,689					
4/11/13	2,442					
4/12/13	1,571					
4/13/13	4,620					
4/14/13	15,178					
4/15/13	8,667					
4/16/13	3,450					
4/17/13	3,890					
4/18/13	17,891					
4/19/13	18,371					
4/20/13	12,956					
4/21/13	37,466					
4/22/13	31,609					
4/23/13	774					
4/24/13	147					
4/25/13	136					
4/26/13	138					
4/27/13	38					
4/28/13	51					
4/29/13	107					
4/30/13	27					
5/1/13	373					
5/2/13	46					
5/3/13	29					
5/4/13	99					
5/5/13	48					
5/6/13	57					
5/7/13	92					
5/8/13	23					
5/9/13	91					
5/10/13	156					
5/11/13	54					
5/12/13	46					
5/13/13	109					
5/14/13	71					
5/15/13	32					
5/16/13	62					
5/17/13	48					
5/18/13	18					
5/19/13	51					
5/20/13	71					
5/21/13	110					
5/22/13	65					
5/23/13	26					
5/24/13	18					
5/25/13	36					
5/26/13	24					
5/27/13	19					
5/28/13	120					
5/29/13	27					
5/30/13	16					
5/31/13	12					
6/1/13	19					
6/2/13	34					
6/3/13	48					
6/4/13	58					
6/5/13	49					
6/6/13	53					
6/7/13	40					
6/8/13	86					
6/9/13	83					
6/10/13	34					
6/11/13	65					
6/12/13	32					
6/13/13	304					
6/14/13	36					
6/15/13	53					
6/16/13	76					
6/17/13	183					
6/18/13	138					
6/19/13	413					
6/20/13	234					
6/21/13	620					
6/22/13	1,376					
6/23/13	2,041					
6/24/13	2,473					
6/25/13	2,461					
6/26/13	515					
6/27/13	229					
6/28/13	14					
6/29/13	65					
6/30/13	24					
7/1/13	17					
7/2/13	29					
7/3/13	33					
7/4/13	17					
7/5/13	28					
7/6/13	18					
7/7/13	45					
7/8/13	40					
7/9/13	30					
7/10/13	33					
7/11/13	71					
7/12/13	25					
7/13/13	44					
7/14/13	96					
7/15/13	93					
7/16/13	174					
7/17/13	182					
7/18/13	34					
7/19/13	21					
7/20/13	10					
7/21/13	20					
7/22/13	41					
7/23/13	66					
7/24/13	23					
7/25/13	25					
7/26/13	50					
7/27/13	23					
7/28/13	37					
7/29/13	74					
7/30/13	73					
7/31/13	128					
8/1/13	121					
8/2/13	55					
8/3/13	44					
8/4/13	10					
8/5/13	31					
8/6/13	30					
8/7/13	110					
8/8/13	225					
8/9/13	275					
8/10/13	706					
8/11/13	1,426					
8/12/13	2,482					
8/13/13	5,334					
8/14/13	3,226					
8/15/13	684					
8/16/13	98					
8/17/13	24					
8/18/13	32					
8/19/13	52					
8/20/13	16					
8/21/13	7					
8/22/13	17					
8/23/13	50					
8/24/13	19					
8/25/13	13					
8/26/13	23					
8/27/13	28					
8/28/13	19					
8/29/13	26					
8/30/13	18					
8/31/13	11					
9/1/13	5					
9/2/13	97					
9/3/13	43					
9/4/13	89					
9/5/13	169					
9/6/13	114					
9/7/13	37					
9/8/13	50					
9/9/13	123					
9/10/13	137					
9/11/13	75					
9/12/13	148					
9/13/13	150					
9/14/13	62					
9/15/13	111					
9/16/13	108					
9/17/13	62					
9/18/13	52					
9/19/13	83					
9/20/13	18					
9/21/13	133					
9/22/13	43					
9/23/13	35					
9/24/13	267					
9/25/13	68					
9/26/13	86					
9/27/13	27					
9/28/13	23					
9/29/13	91					
9/30/13	106					
10/1/13	79					
10/2/13	84					
10/3/13	143					
10/4/13	118					
10/5/13	54					
10/6/13	80					
10/7/13	116					
10/8/13	139					
10/9/13	267					
10/10/13	382					
10/11/13	89					
10/12/13	81					
10/13/13	124					
10/14/13	277					
10/15/13	443					
10/16/13	371					
10/17/13	21					
10/18/13	43					
10/19/13	26					
10/20/13	103					
10/21/13	81					
10/22/13	95					
10/23/13	26					
10/24/13	59					
10/25/13	20					
10/26/13	61					
10/27/13	22					
10/28/13	61					
10/29/13	23					
10/30/13	198					
10/31/13	135					
11/1/13	188					
11/2/13	167					
11/3/13	99					
11/4/13	192					
11/5/13	278					
11/6/13	1,002					
11/7/13	799					
11/8/13	29					
11/9/13	62					
11/10/13	75					
11/11/13	87					
11/12/13	74					
11/13/13	289					
11/14/13	295					
11/15/13	393					
11/16/13	476					
11/17/13	183					
11/18/13	283					
11/19/13	307					
11/20/13	430					
11/21/13	290					
11/22/13	531					
11/23/13	336					
11/24/13	345					
11/25/13	2,466					
11/26/13	1,250					
11/27/13	994					
	502,253					
